"residue_position","WT","Variant","n","consequence"
53,"A","G",12,"Missense"
53,"A","V",12,"Missense"
82,"K","I",4,"Missense"
82,"K","R",4,"Missense"
86,"L","V",4,"Missense"
96,"K","I",11,"Missense"
96,"K","R",11,"Missense"
100,"L","V",11,"Missense"
103,"P","S",3,"Missense"
103,"P","T",3,"Missense"
109,"E","K",3,"Missense"
113,"M","I",3,"Missense"
117,"P","S",7,"Missense"
117,"P","T",7,"Missense"
118,"D","Y",1,"Missense"
123,"E","K",7,"Missense"
127,"M","I",7,"Missense"
136,"P","S",1,"Missense"
136,"P","T",1,"Missense"
